{"cameraMode":{"drawMode":0,"name":"Shaded","section":"Shading Mode"},"sceneLighting":false,"audioPlay":false,"sceneViewState":{"m_AlwaysRefresh":false,"showFog":true,"showSkybox":false,"showFlares":true,"showImageEffects":true,"showParticleSystems":true,"showVisualEffectGraphs":true,"m_FxEnabled":true},"in2DMode":false,"pivot":{"x":0.00010572187602519989,"y":0.00012876838445663452,"z":-0.00014034658670425415},"rotation":{"x":0.20948615670204163,"y":-0.45126280188560488,"z":0.10986368358135224,"w":0.8604731559753418},"size":0.17825615406036378,"orthographic":false}