{"cameraMode":{"drawMode":0,"name":"Shaded","section":"Shading Mode"},"sceneLighting":false,"audioPlay":false,"sceneViewState":{"m_AlwaysRefresh":false,"showFog":true,"showSkybox":false,"showFlares":true,"showImageEffects":true,"showParticleSystems":true,"showVisualEffectGraphs":true,"m_FxEnabled":true},"in2DMode":false,"pivot":{"x":-0.006258653476834297,"y":0.01989142969250679,"z":-0.00233319029211998},"rotation":{"x":0.11756657063961029,"y":0.875670850276947,"z":-0.268000066280365,"w":0.3841364085674286},"size":0.03337583318352699,"orthographic":false}